 TICKER,DATE,EPS ACTUAL
20MICRONS,2022-12-31,-1.79
20MICRONS,2020-03-31,6.83
20MICRONS,2019-03-31,12.39
20MICRONS,2018-03-31,7.68
20MICRONS,2011-03-31,0.24
3IINFOLTD,2022-12-31,0
3MINDIA,2022-12-31,0
5PAISA,2022-12-31,0
63MOONS,2022-12-31,0
AAATECH,2022-09-30,0
AAKASH,2022-09-30,0.3166
AAKASH,2021-12-31,3.2217
AAKASH,2020-12-31,0.2033
AARTIDRUGS,2022-12-31,0
AARTIIND,2022-12-31,0
AARVEEDEN,2022-12-31,0
AARVI,2022-09-30,5.6868
AARVI,2022-03-31,8.1624
AARVI,2021-03-31,7.0754
AAVAS,2022-12-31,11.24
AAVAS,2022-03-31,40.68
AAVAS,2021-03-31,11.06
ABAN,2022-12-31,-53.6
ABB,2022-12-31,18.19
ABB,2021-12-31,12.59
ABB,2017-12-31,19.73
ABB,2016-12-31,6.93
ABBOTINDIA,2022-12-31,0
ABCAPITAL,2022-12-31,0
ABCAPITAL,2018-03-31,1.92
ABFRL,2022-12-31,0
ABFRL,2022-03-31,1.74
ABFRL,2018-03-31,0.63
ABFRL,2017-03-31,0.12
ACC,2022-12-31,25.6
ACC,2021-12-31,41.63
ACC,2018-12-31,41.58
ACC,2017-12-31,48.63
ACC,2016-12-31,4.83
ACCELYA,2022-12-31,30.76
ACCELYA,2017-06-30,62.88
ACCELYA,2016-06-30,16.07
ACCURACY,2022-09-30,0
ACE,2022-12-31,0
ACE,2018-03-31,4.49
ACE,2017-03-31,0.9
ADANIENT,2022-12-31,0
ADANIGREEN,2022-12-31,0
ADANIPORTS,2022-12-31,26.55
ADANIPOWER,2022-12-31,-1.14
ADANIPOWER,2018-03-31,-5.42
ADANITRANS,2022-12-31,0
ADFFOODS,2022-12-31,0
ADORWELD,2022-12-31,0
ADVANIHOTR,2022-12-31,0
ADVENZYMES,2022-12-31,0
ADVENZYMES,2018-03-31,8.1
AEGISCHEM,2022-12-31,0
AFFLE,2022-12-31,8.56
AFFLE,2022-03-31,30.7
AFFLE,2021-03-31,7.01
AGARIND,2022-12-31,0
AGI,2022-12-31,0
AGROPHOS,2022-09-30,1.8498
AGROPHOS,2022-03-31,2.8804
AGROPHOS,2021-03-31,1.5735
AGROPHOS,2020-03-31,1.9335
AHLADA,2022-09-30,0
AHLEAST,2017-09-30,1.4
AIAENG,2022-12-31,20.19
AIAENG,2022-03-31,35.22
AIAENG,2021-03-31,38.15
AIAENG,2018-03-31,39.68
AIAENG,2017-03-31,24.96
AIRAN,2022-09-30,0.198
AIRAN,2022-03-31,0.769
AIRAN,2021-03-31,0.4684
AIRAN,2020-03-31,0.5377
AJANTPHARM,2022-12-31,46.35
AJANTPHARM,2018-03-31,27.49
AJANTPHARM,2017-03-31,12.95
AJMERA,2017-09-30,4.09
AKASH,2022-09-30,0.1286
AKASH,2022-03-31,1.3502
AKASH,2021-03-31,0.6841
AKSHOPTFBR,2022-12-31,0
AKZOINDIA,2022-12-31,0
ALEMBICLTD,2022-12-31,0
ALICON,2022-12-31,7.82
ALICON,2017-03-31,7.15
ALKEM,2022-12-31,38.35
ALKEM,2022-03-31,132.4
ALKEM,2018-03-31,65.24
ALKEM,2017-03-31,30.98
ALKYLAMINE,2022-12-31,0
ALLCARGO,2022-12-31,0
ALLCARGO,2018-03-31,7.22
ALLSEC,2017-09-30,11.22
ALOKINDS,2022-12-31,0
ALPA,2018-03-31,-1.33
AMARAJABAT,2022-12-31,0
AMBER,2022-09-30,23.34
AMBIKCO,2022-12-31,0
AMBIKCO,2017-03-31,24.32
AMBUJACEM,2022-12-31,0
AMIORG,2022-06-30,4.08
AMRUTANJAN,2022-12-31,0
ANANTRAJ,2022-12-31,0
ANDHRACEMT,2022-12-31,0
ANDHRAPAP,2022-12-31,0
ANDREWYU,2022-12-31,0
ANIKINDS,2022-12-31,0
ANSALAPI,2022-12-31,0
ANUP,2022-12-31,0
ANURAS,2022-03-31,11.97
APARINDS,2022-12-31,0
APARINDS,2018-03-31,37.65
APCOTEXIND,2022-12-31,0
APEX,2022-12-31,0
APEX,2022-03-31,13.15
APEX,2018-03-31,26.57
APLAPOLLO,2022-12-31,0
APLLTD,2022-12-31,3.43
APLLTD,2022-03-31,42.8
APLLTD,2018-03-31,21.9
APLLTD,2017-03-31,9.53
APOLLO,2022-12-31,0
APOLLOHOSP,2022-12-31,24.04
APOLLOHOSP,2018-03-31,16.77
APOLLOHOSP,2017-03-31,8.69
APOLLOPIPE,2022-12-31,0
APOLLOTYRE,2022-12-31,8.6
APOLLOTYRE,2017-03-31,9.27
APTECHT,2022-12-31,0
APTUS,2022-09-30,4.85
ARCHIDPLY,2022-12-31,0
ARCHIDPLY,2018-03-31,0.32
ARIHANTSUP,2022-12-31,0
AROGRANITE,2022-12-31,0
ARROWGREEN,2022-12-31,0
ARSHIYA,2022-12-31,0
ARTNIRMAN,2022-09-30,0
ARVIND,2022-12-31,21.45
ARVIND,2017-03-31,6.97
ARVINDFASN,2022-12-31,0
ARVSMART,2022-12-31,0
ARVSMART,2018-03-31,6.44
ASAHIINDIA,2022-12-31,0
ASAHISONG,2022-12-31,0
ASAL,2022-12-31,0
ASALCBR,2022-12-31,0
ASHIANA,2022-12-31,0
ASHIANA,2017-03-31,7.47
ASHOKA,2022-12-31,0
ASHOKA,2018-03-31,8.97
ASHOKA,2017-03-31,5.73
ASHOKLEY,2022-12-31,2.93
ASHOKLEY,2018-03-31,5.36
ASIANENE,2022-12-31,0
ASIANHOTNR,2022-12-31,0
ASIANPAINT,2018-06-30,5.82
ASIANPAINT,2018-03-31,20.52
ASIANPAINT,2017-03-31,14.64
ASIANTILES,2022-12-31,0
ASIANTILES,2020-03-31,3.93
ASIANTILES,2018-03-31,11.45
ASTEC,2022-12-31,0
ASTEC,2022-03-31,39.21
ASTEC,2018-03-31,8.77
ASTERDM,2022-12-31,2.31
ASTERDM,2022-03-31,11.07
ASTRAL,2022-12-31,12.73
ASTRAL,2018-03-31,10.19
ASTRAL,2017-03-31,5.74
ASTRAMICRO,2022-12-31,0
ASTRAZEN,2022-12-31,0
ATFL,2022-12-31,9.91
ATFL,2017-03-31,6.39
ATGL,2022-12-31,0
ATLANTA,2022-12-31,0
ATLANTA,2017-03-31,2.65
ATUL,2022-12-31,57.48
ATUL,2017-03-31,41.27
AUBANK,2022-12-31,0
AUBANK,2018-03-31,5.54
AURIONPRO,2022-12-31,6.07
AUROPHARMA,2022-12-31,31.82
AUROPHARMA,2018-03-31,41.36
AURUM,2022-12-31,0
AUSOMENT,2022-12-31,0
AUTOAXLES,2022-12-31,0
AUTOIND,2022-12-31,0
AVADHSUGAR,2022-12-31,0
AVANTIFEED,2022-12-31,0
AVTNPL,2022-12-31,0.54
AWHCL,2022-12-31,0
AWHCL,2022-03-31,24.01
AXISBANK,2022-12-31,0
AXISCADES,2022-12-31,0
BAJAJ-AUTO,2022-12-31,78.3
BAJAJ-AUTO,2018-03-31,141.6
BAJAJ-AUTO,2017-03-31,27.7
BAJAJCON,2022-12-31,0
BAJAJELEC,2022-12-31,0
BAJAJFINSV,2022-12-31,225.3
BAJAJFINSV,2017-03-31,33.6
BAJAJHLDNG,2022-12-31,0
BAJFINANCE,2022-12-31,0
BALAJITELE,2022-12-31,0
BALAMINES,2022-12-31,0
BALAXI,2022-03-31,47.6578
BALAXI,2021-03-31,38.1393
BALAXI,2020-03-31,8.4645
BALAXI,2019-03-31,6.4669
BALAXI,2018-03-31,-2.5325
BALAXI,2017-03-31,-2.6005
BALAXI,2016-03-31,-0.0996
BALKRISIND,2022-12-31,0
BALMLAWRIE,2018-03-31,7.71
BALPHARMA,2022-12-31,0
BALRAMCHIN,2022-12-31,0
BALRAMCHIN,2018-03-31,9.41
BANARISUG,2022-12-31,0
BANCOINDIA,2022-12-31,0
BANDHANBNK,2022-12-31,10.43
BANKA,2022-09-30,0
BANKBARODA,2022-12-31,0
BANKBARODA,2018-03-31,-10.53
BANKINDIA,2022-12-31,0
BANKINDIA,2018-03-31,-50.01
BANSWRAS,2022-12-31,0
BARBEQUE,2022-12-31,0
BASF,2022-12-31,114.4
BASF,2018-03-31,10.59
BASML,2022-12-31,0
BATAINDIA,2022-12-31,0
BAYERCROP,2022-12-31,0
BBL,2022-12-31,17.07
BBOX,2022-12-31,0
BBTC,2022-12-31,0
BCG,2022-12-31,0
BCLIND,2022-12-31,0
BDL,2022-12-31,2.17
BDL,2022-03-31,0.87
BECTORFOOD,2022-12-31,0
BEL,2022-12-31,1.43
BEL,2022-03-31,6.35
BEL,2018-03-31,5.87
BEL,2017-03-31,4.39
BEML,2022-12-31,0
BEPL,2022-12-31,0
BERGEPAINT,2022-12-31,0
BFUTILITIE,2022-12-31,0
BHAGCHEM,2022-12-31,0
BHAGERIA,2022-12-31,0
BHAGYANGR,2022-12-31,0
BHARATFORG,2022-12-31,0
BHARATGEAR,2022-12-31,0
BHARATRAS,2018-09-30,143.03
BHARTIARTL,2022-12-31,0
BHEL,2022-12-31,-0.52
BHEL,2022-03-31,3.41
BHEL,2017-03-31,0.84
BIGBLOC,2022-12-31,0
BIGBLOC,2018-06-30,2.51
BIL,2017-12-31,6.7
BIL,2017-03-31,1.89
BINDALAGRO,2022-12-31,0
BIOCON,2022-09-30,1.74
BIOCON,2022-03-31,10.43
BIOCON,2018-03-31,6.27
BIOCON,2017-03-31,2.14
BIRLACABLE,2022-12-31,3.69
BIRLACORPN,2022-12-31,0
BIRLAMONEY,2022-12-31,0
BLBLIMITED,2022-12-31,0
BLKASHYAP,2017-12-31,0.42
BLS,2022-12-31,4.55
BLS,2018-03-31,6.59
BLUEDART,2022-12-31,0
BLUESTARCO,2022-12-31,7.94
BLUESTARCO,2018-03-31,8.84
BODALCHEM,2022-12-31,0
BOMDYEING,2022-12-31,0
BORORENEW,2022-12-31,0
BOSCHLTD,2022-12-31,0
BPCL,2022-12-31,-31.02
BPCL,2022-03-31,59.49
BPCL,2018-03-31,40.27
BPCL,2017-03-31,19.83
BPL,2022-12-31,0
BRFL,2022-09-30,0
BRIGADE,2022-12-31,5.94
BRIGADE,2022-03-31,9.88
BRIGADE,2017-03-31,11.54
BRITANNIA,2022-12-31,41.39
BRITANNIA,2018-03-31,58.39
BSE,2022-12-31,3.2
BSE,2022-03-31,53.06
BSOFT,2022-12-31,8.33
BSOFT,2022-03-31,24.28
BSOFT,2018-03-31,6.91
BUTTERFLY,2022-12-31,0
CAMLINFINE,2022-12-31,0
CAMPUS,2022-06-30,0.94
CANBK,2022-12-31,25.07
CANBK,2022-03-31,17.46
CANBK,2018-03-31,-69.67
CANBK,2017-03-31,9.69
CANFINHOME,2022-12-31,0
CANFINHOME,2018-03-31,19.83
CANTABIL,2022-12-31,0
CANTABIL,2017-03-31,0.03
CAPACITE,2022-12-31,0
CAPLIPOINT,2022-12-31,0
CAPTRUST,2022-12-31,0
CARBORUNIV,2022-12-31,0
CARBORUNIV,2018-03-31,11.4
CAREERP,2022-12-31,0
CARERATING,2022-12-31,0
CCCL,2022-12-31,0
CCHHL,2022-12-31,0
CCL,2022-12-31,0
CDSL,2022-12-31,0
CDSL,2022-03-31,32.75
CEATLTD,2022-12-31,44.1
CEATLTD,2017-03-31,43.72
CELEBRITY,2022-12-31,0
CELESTIAL,2017-06-30,0.48
CENTENKA,2022-12-31,0
CENTRALBK,2022-12-31,0
CENTURYPLY,2022-12-31,0
CENTURYTEX,2022-12-31,0
CERA,2022-12-31,30.36
CERA,2022-03-31,169.88
CESC,2022-12-31,6.68
CESC,2021-03-31,1.88
CESC,2020-03-31,36.06
CESC,2018-03-31,65.76
CESC,2017-03-31,32.63
CGCL,2022-12-31,0
CGPOWER,2022-12-31,2.27
CHALET,2022-12-31,2.15
CHALET,2022-03-31,-1.34
CHAMBLFERT,2022-12-31,0
CHAMBLFERT,2018-03-31,11.45
CHEMBOND,2022-12-31,0
CHEMCON,2022-12-31,0
CHEMFAB,2022-12-31,0
CHENNPETRO,2022-12-31,0
CHOLAFIN,2022-12-31,37.68
CHOLAFIN,2018-03-31,34.54
CHOLAHLDNG,2022-12-31,0
CIGNITITEC,2022-12-31,0
CIPLA,2022-12-31,18.27
CIPLA,2022-03-31,47.78
CIPLA,2018-03-31,18.47
CIPLA,2017-03-31,3.88
CLEAN,2022-09-30,17.77
CLEDUCATE,2022-12-31,0
CLNINDIA,2022-12-31,0
CLSEL,2022-12-31,0
COALINDIA,2022-12-31,16.21
COALINDIA,2018-03-31,11.31
COALINDIA,2017-03-31,8.99
COASTCORP,2022-12-31,0
COCHINSHIP,2022-12-31,0
COCHINSHIP,2018-03-31,6.74
COFFEEDAY,2022-12-31,0
COFFEEDAY,2018-03-31,3.07
COFORGE,2022-12-31,57.01
COFORGE,2022-03-31,138.36
COFORGE,2018-03-31,26.12
COLPAL,2022-12-31,17.93
COLPAL,2022-03-31,33.98
COLPAL,2017-03-31,16.61
COMPINFO,2022-12-31,0
CONCOR,2022-12-31,0
CONCOR,2022-03-31,4.22
CONCOR,2021-03-31,13.73
CONCOR,2018-03-31,21.54
CONCOR,2017-03-31,24.95
CONFIPET,2022-12-31,0
CONSOFINVT,2022-09-30,-0.3186
CONSOFINVT,2022-03-31,54.8283
CONSOFINVT,2021-03-31,131.5366
CONSOFINVT,2020-03-31,37.8112
CONTROLPR,2022-12-31,0
COROMANDEL,2022-12-31,21.53
COROMANDEL,2018-03-31,22.64
COSMOFIRST,2022-12-31,0
CREATIVE,2022-09-30,7.2202
CREATIVE,2022-03-31,13.1529
CREDITACC,2022-12-31,0
CROMPTON,2022-12-31,6.4
CROMPTON,2017-03-31,1.41
CROWN,2022-09-30,0
CSBBANK,2022-12-31,0
CSLFINANCE,2022-12-31,0
CUB,2022-12-31,6.71
CUB,2022-03-31,9.94
CUB,2018-03-31,8.23
CUB,2017-03-31,3.79
CUMMINSIND,2022-12-31,0
CUPID,2022-12-31,0
CYBERTECH,2022-12-31,0
CYIENT,2022-09-30,17.77
CYIENT,2022-03-31,44.55
CYIENT,2018-03-31,36.29
CYIENT,2017-03-31,17.64
DAAWAT,2022-12-31,1.11
DABUR,2022-12-31,5.24
DABUR,2022-03-31,9.82
DABUR,2021-03-31,3.99
DABUR,2018-03-31,7.74
DABUR,2017-03-31,3.54
DALBHARAT,2022-12-31,12.11
DALMIASUG,2022-12-31,0
DANGEE,2022-09-30,0
DATAMATICS,2022-12-31,0
DATAMATICS,2018-03-31,5.71
DBCORP,2022-12-31,4.12
DBCORP,2022-03-31,17.17
DBCORP,2018-03-31,15.62
DBCORP,2017-03-31,9.99
DBL,2022-12-31,23.04
DBL,2018-03-31,38.01
DBREALTY,2022-12-31,0
DCAL,2022-12-31,0
DCBBANK,2022-12-31,6.7
DCBBANK,2022-03-31,9.19
DCBBANK,2021-03-31,7.03
DCBBANK,2018-03-31,7.84
DCBBANK,2017-03-31,3.59
DCMSHRIRAM,2022-12-31,0
DCMSHRIRAM,2018-03-31,41.22
DCMSRIND,2022-12-31,0
DCW,2022-12-31,-0.04
DECCANCE,2022-12-31,0
DEEPAKFERT,2022-12-31,0
DEEPAKNTR,2022-12-31,0
DELPHIFX,2022-12-31,0
DELTACORP,2022-12-31,0
DELTAMAGNT,2022-12-31,0
DEN,2022-12-31,0
DEN,2018-03-31,-0.56
DEVYANI,2022-09-30,1.19
DEVYANI,2022-03-31,1.16
DFMFOODS,2022-12-31,0
DHAMPURSUG,2022-12-31,0
DHANI,2022-12-31,0
DHANUKA,2022-12-31,71.13
DHANUKA,2017-03-31,10.17
DHARAMSI,2022-12-31,0
DIAMONDYD,2022-12-31,0
DICIND,2022-12-31,7.47
DISHTV,2022-12-31,1.26
DIVISLAB,2022-12-31,25.01
DIVISLAB,2018-03-31,32.75
DIVISLAB,2017-03-31,9.77
DIXON,2022-12-31,20.46
DIXON,2022-03-31,18.34
DIXON,2018-03-31,12.63
DLF,2022-12-31,3.83
DLF,2022-03-31,8.66
DLF,2018-03-31,-23.98
DLF,2017-03-31,0.81
DLINKINDIA,2022-12-31,0
DMART,2022-12-31,21.04
DMART,2022-03-31,30
DMART,2018-03-31,9.63
DMCC,2022-12-31,0
DOLATALGO,2022-12-31,0
DOLLAR,2022-12-31,6.82
DOLLAR,2022-03-31,3.41
DOLLAR,2021-03-31,3.41
DONEAR,2022-12-31,0.09
DPSCLTD,2022-12-31,0.0657
DPSCLTD,2022-03-31,0.1415
DPSCLTD,2021-03-31,0.2691
DPSCLTD,2020-03-31,0.0678
DPSCLTD,2013-03-31,0.2832
DPSCLTD,2012-03-31,0.0507
DPWIRES,2022-09-30,12.265
DPWIRES,2022-03-31,21.413
DRREDDY,2022-12-31,138.47
DRREDDY,2022-03-31,88.93
DRREDDY,2017-03-31,49.99
DTIL,2022-12-31,0
DWARKESH,2022-12-31,0
DYNAMATECH,2022-12-31,0
DYNPRO,2022-12-31,0
ECLERX,2022-12-31,44.56
ECLERX,2022-03-31,155.88
ECLERX,2018-03-31,67.68
ECLERX,2017-03-31,39.52
EDELWEISS,2022-12-31,2.94
EDELWEISS,2018-03-31,7.42
EDELWEISS,2017-03-31,1.92
EICHERMOT,2022-12-31,0
EIFFL,2022-09-30,0
EIHAHOTELS,2022-12-31,0
EIHOTEL,2022-12-31,0
EIMCOELECO,2022-12-31,0
EKC,2022-12-31,1.65
ELDEHSG,2022-12-31,0
ELECON,2022-12-31,-3.79
ELECON,2017-03-31,1.92
ELECTCAST,2022-12-31,0
ELECTHERM,2022-12-31,0
ELGIEQUIP,2022-12-31,0
ELGIEQUIP,2018-03-31,6.18
ELGIRUBCO,2022-09-30,1.1681
ELGIRUBCO,2022-03-31,-3.2674
ELGIRUBCO,2021-03-31,0.2349
ELGIRUBCO,2020-03-31,-3.0367
ELGIRUBCO,2019-03-31,-3.2191
ELGIRUBCO,2018-03-31,-1.2051
ELGIRUBCO,2017-03-31,-1.5782
ELGIRUBCO,2016-03-31,-2.2882
ELGIRUBCO,2015-03-31,-4.4659
ELGIRUBCO,2014-03-31,2.1904
ELGIRUBCO,2013-03-31,4.502
ELGIRUBCO,2012-03-31,-0.3333
EMAMILTD,2022-12-31,0
EMAMIPAP,2022-12-31,0
EMBASSY,2022-12-31,0
EMKAY,2018-06-30,2.85
EMMBI,2022-12-31,0
EMMBI,2018-03-31,6.51
ENDURANCE,2022-12-31,6.86
ENGINERSIN,2022-12-31,2.92
ENGINERSIN,2018-03-31,5.83
ENIL,2022-12-31,-6.4
ENIL,2021-03-31,7.85
ENIL,2017-03-31,6.31
EPL,2022-12-31,4.66
EQUITAS,2022-12-31,0
EQUITAS,2018-03-31,0.9
EQUITAS,2017-03-31,1.51
EQUITASBNK,2022-12-31,0
ERIS,2022-12-31,0
EROSMEDIA,2017-03-31,3.53
ESABINDIA,2022-12-31,0
ESCORTS,2022-12-31,23.72
ESCORTS,2022-03-31,44.89
ESCORTS,2021-03-31,60.42
ESCORTS,2018-03-31,29.42
ESCORTS,2017-03-31,5.79
EVERESTIND,2022-12-31,0
EXCEL,2022-12-31,0
EXCELINDUS,2022-12-31,0
EXIDEIND,2022-12-31,0
EXPLEOSOL,2022-12-31,0
EXPLEOSOL,2017-03-31,4.03
FACT,2022-12-31,0
FCONSUMER,2022-12-31,0
FCONSUMER,2018-03-31,-0.04
FDC,2022-12-31,1.65
FDC,2016-03-31,2.15
FEDERALBNK,2022-12-31,4.48
FEDERALBNK,2018-03-31,4.61
FEDERALBNK,2017-03-31,1.46
FIBERWEB,2022-12-31,0
FIEMIND,2022-12-31,0
FIEMIND,2018-03-31,35.89
FILATEX,2022-12-31,1.65
FINCABLES,2022-12-31,11.98
FINCABLES,2018-03-31,23.4
FINEORG,2022-12-31,16.27
FINOPB,2022-12-31,0
FINPIPE,2022-12-31,8.26
FINPIPE,2016-03-31,16.84
FLFL,2022-12-31,1.49
FLFL,2018-03-31,6.58
FLUOROCHEM,2022-12-31,0
FMGOETZE,2022-12-31,0
FOODSIN,2022-12-31,0
FORCEMOT,2022-12-31,0
FORTIS,2022-12-31,4.33
FORTIS,2022-03-31,3.75
FORTIS,2018-03-31,-1.4
FORTIS,2017-03-31,5.8
FOSECOIND,2022-12-31,0
FRETAIL,2018-09-30,6.53
FRETAIL,2018-03-31,12.65
FRETAIL,2017-03-31,2.61
FSC,2022-12-31,0
FSL,2022-12-31,3.05
FSL,2022-03-31,3.8
FSL,2018-03-31,4.75
FSL,2017-03-31,1.97
GABRIEL,2022-12-31,1.52
GAEL,2022-12-31,14.04
GAEL,2021-03-31,5.16
GAEL,2018-03-31,12.39
GAEL,2017-03-31,2.47
GAIL,2022-12-31,6.72
GAIL,2022-03-31,35.85
GAIL,2018-03-31,20.49
GAIL,2017-03-31,10.46
GALAXYSURF,2022-12-31,0
GANECOS,2022-12-31,12.95
GANECOS,2017-03-31,8.37
GANESHBE,2022-12-31,0
GANESHHOUC,2022-12-31,0
GANGAFORGE,2022-09-30,0.0209
GANGAFORGE,2022-03-31,0.0974
GARFIBRES,2022-12-31,0
GATEWAY,2022-09-30,1.19
GATI,2022-12-31,2.01
GAYAPROJ,2022-12-31,0
GEECEE,2022-12-31,0
GEEKAYWIRE,2022-09-30,5.565
GEEKAYWIRE,2022-03-31,8.6125
GEEKAYWIRE,2021-03-31,6.0306
GENCON,2022-12-31,0
GENESYS,2018-06-30,1.35
GENESYS,2018-03-31,6.09
GENUSPAPER,2022-12-31,0
GENUSPAPER,2018-03-31,0.14
GENUSPOWER,2022-12-31,0
GEPIL,2022-12-31,0
GESHIP,2022-12-31,0
GESHIP,2018-03-31,10.6
GESHIP,2017-03-31,21.66
GFLLIMITED,2022-12-31,24.66
GHCL,2022-12-31,21.88
GHCL,2022-03-31,21.88
GHCL,2021-03-31,35.15
GHCL,2018-03-31,29.07
GICHSGFIN,2017-12-31,23.13
GICHSGFIN,2017-03-31,8.66
GICRE,2022-12-31,0
GILLANDERS,2022-12-31,0
GILLETTE,2022-12-31,0
GIPCL,2022-12-31,0
GIPCL,2018-03-31,16.16
GIPCL,2017-03-31,8.18
GISOLUTION,2022-12-31,0
GLAND,2022-09-30,28.57
GLAND,2022-03-31,52.35
GLAXO,2022-12-31,18.43
GLAXO,2022-03-31,119.74
GLAXO,2017-03-31,14.42
GLENMARK,2022-12-31,27.87
GLENMARK,2018-03-31,28.08
GLOBALVECT,2022-12-31,0
GLOBUSSPR,2022-12-31,0
GLS,2022-09-30,36.06
GMBREW,2022-12-31,10.63
GMDCLTD,2022-12-31,10.85
GMDCLTD,2022-03-31,11.53
GMDCLTD,2018-03-31,13.66
GMDCLTD,2017-03-31,4.29
GMMPFAUDLR,2022-12-31,0
GMRINFRA,2022-12-31,0
GNA,2022-12-31,4.97
GNFC,2022-12-31,25.35
GNFC,2017-03-31,-3.46
GOACARBON,2022-12-31,0
GOCLCORP,2022-12-31,0
GODHA,2022-09-30,0
GODREJAGRO,2022-12-31,0
GODREJAGRO,2018-03-31,1.27
GODREJCP,2022-12-31,11.2
GODREJCP,2018-03-31,15.16
GODREJCP,2017-03-31,5.62
GODREJIND,2022-12-31,0
GODREJPROP,2022-12-31,3.07
GODREJPROP,2018-03-31,10.85
GOKEX,2022-12-31,0
GOLDIAM,2022-12-31,0
GOODLUCK,2022-12-31,0
GOODYEAR,2022-12-31,0
GPIL,2022-12-31,0
GPPL,2022-12-31,0
GPPL,2022-03-31,6.22
GPPL,2018-03-31,4.09
GPPL,2017-03-31,1.37
GRANULES,2022-12-31,0
GRAPHITE,2022-12-31,0
GRASIM,2022-12-31,22.19
GRASIM,2018-03-31,45.7
GRASIM,2017-03-31,13.84
GRAVITA,2018-03-31,3.04
GREAVESCOT,2022-12-31,0
GREENLAM,2022-12-31,0
GREENPANEL,2022-12-31,0
GREENPLY,2022-12-31,0
GREENPLY,2018-03-31,11.06
GRINDWELL,2022-12-31,0
GRINFRA,2022-06-30,41.87
GRINFRA,2022-03-31,63.3
GRMOVER,2022-12-31,0
GROBTEA,2022-09-30,0
GRSE,2022-12-31,10.26
GRSE,2022-03-31,15.39
GRWRHITECH,2022-12-31,0
GSFC,2022-12-31,0
GSFC,2022-03-31,22.42
GSFC,2018-03-31,9.44
GSFC,2017-03-31,3.94
GSPL,2022-12-31,4.17
GSPL,2022-03-31,22.08
GSPL,2018-03-31,11.85
GSPL,2017-03-31,4.38
GTL,2022-12-31,0
GTLINFRA,2022-12-31,0
GTPL,2022-12-31,0
GTPL,2018-03-31,0.78
GUFICBIO,2022-12-31,0
GUJALKALI,2022-12-31,28.27
GUJALKALI,2017-03-31,11.86
GUJAPOLLO,2022-12-31,0
GUJGASLTD,2022-12-31,6.92
GULFOILLUB,2022-12-31,0
GULFOILLUB,2018-03-31,31.65
GULFPETRO,2022-12-31,0
GULPOLY,2022-12-31,0
HAL,2022-12-31,18.55
HAL,2022-03-31,146.09
HAL,2021-03-31,48.44
HAPPSTMNDS,2022-12-31,0
HATHWAY,2022-12-31,0.1
HATHWAY,2018-03-31,0.34
HATHWAY,2017-03-31,-1.32
HATSUN,2022-12-31,2.51
HAVELLS,2022-12-31,6.85
HAVELLS,2022-03-31,21.56
HAVELLS,2018-03-31,11.21
HAVELLS,2017-03-31,4.9
HBLPOWER,2022-12-31,0
HCC,2022-12-31,0.25
HCC,2017-03-31,0.56
HCG,2022-12-31,0
HCG,2018-03-31,1.12
HCL-INSYS,2022-12-31,0
HCLTECH,2022-12-31,25
HCLTECH,2022-03-31,67.021
HCLTECH,2019-03-31,54.3478
HCLTECH,2018-03-31,62.13
HCLTECH,2017-03-31,39.0316
HCLTECH,2016-03-31,32.8687
HCLTECH,2014-03-31,20.3329
HCLTECH,2013-03-31,13.2796
HCLTECH,2012-03-31,7.7928
HCLTECH,2011-03-31,5.5308
HCLTECH,2010-03-31,4.7122
HCLTECH,2009-03-31,4.0343
HCLTECH,2008-03-31,5.3927
HCLTECH,2007-03-31,5.1861
HCLTECH,2005-03-31,2.7062
HDFC,2022-12-31,20.1
HDFC,2022-03-31,86.39
HDFC,2021-03-31,104.95
HDFC,2020-03-31,121.54
HDFC,2019-03-31,94.56
HDFC,2018-03-31,57.83
HDFC,2017-03-31,61.82
HDFC,2016-03-31,63.59
HDFC,2015-03-31,55.3
HDFC,2014-03-31,50.61
HDFC,2013-03-31,43.3641
HDFCAMC,2022-12-31,14.72
HDFCAMC,2022-03-31,65.29
HDFCAMC,2021-03-31,24.5
HDFCBANK,2022-12-31,36
HDFCBANK,2018-03-31,66.9
HDFCBANK,2017-03-31,15.4
HDFCLIFE,2022-12-31,0
HDIL,2017-12-31,0.43
HEG,2022-12-31,0
HEIDELBERG,2022-12-31,0
HEIDELBERG,2018-03-31,5.88
HERCULES,2022-12-31,0
HERITGFOOD,2022-12-31,8.84
HERITGFOOD,2018-03-31,11.73
HERITGFOOD,2017-03-31,3.17
HEROMOTOCO,2022-12-31,0
HESTERBIO,2022-12-31,0
HFCL,2022-12-31,0
HGINFRA,2022-12-31,24.9
HGINFRA,2022-03-31,51.98
HGS,2022-12-31,23.45
HGS,2017-03-31,20.62
HIKAL,2022-12-31,0
HIL,2022-12-31,0
HIL,2018-03-31,58.72
HIMATSEIDE,2022-12-31,14.91
HINDALCO,2022-12-31,0
HINDCOMPOS,2016-06-30,8.36
HINDCOMPOS,2015-03-31,16.33
HINDCON,2022-09-30,0
HINDCOPPER,2022-12-31,0
HINDOILEXP,2022-12-31,0
HINDPETRO,2022-12-31,31.05
HINDPETRO,2018-03-31,44.74
HINDUNILVR,2022-12-31,0
HINDWAREAP,2022-12-31,0
HINDZINC,2022-12-31,0
HIRECT,2022-12-31,0
HITECH,2022-12-31,7.1899
HITECH,2022-03-31,33.05
HITECH,2021-03-31,20.3146
HITECH,2020-03-31,18.5733
HITECH,2019-03-31,24.42
HITECHCORP,2022-12-31,0
HMVL,2022-12-31,13.25
HMVL,2017-03-31,19.19
HNDFDS,2022-12-31,0
HONAUT,2022-12-31,0
HONDAPOWER,2022-12-31,0
HOVS,2022-12-31,0.21
HPL,2017-06-30,0.81
HSCL,2022-12-31,0
HTMEDIA,2022-12-31,0
HTMEDIA,2018-03-31,13.07
HTMEDIA,2017-03-31,5.03
HUDCO,2022-12-31,0
HUHTAMAKI,2022-12-31,0
IBREALEST,2022-12-31,0
IBREALEST,2017-03-31,1.79
IBULHSGFIN,2022-12-31,27.13
IBULHSGFIN,2017-03-31,37.2
IBULHSGFIN,2016-03-31,15.85
ICEMAKE,2022-09-30,0
ICICIBANK,2022-12-31,7.75
ICICIBANK,2018-03-31,10.47
ICICIBANK,2017-03-31,3.15
ICICIGI,2022-12-31,19.09
ICICIGI,2022-03-31,21.85
ICICIPRULI,2022-12-31,0
ICIL,2022-12-31,5.28
ICIL,2017-03-31,5.52
ICRA,2022-12-31,25.56
IDBI,2022-12-31,0
IDEA,2022-12-31,-4.61
IDEA,2022-03-31,-9.89
IDEA,2021-03-31,-13.64
IDEA,2018-03-31,-11.4
IDEA,2017-03-31,-2
IDFC,2022-12-31,1.88
IDFC,2017-03-31,3.23
IEX,2022-12-31,0
IFBAGRO,2018-09-30,29.46
IFBIND,2022-12-31,-1.07
IFBIND,2022-03-31,13.75
IFBIND,2018-03-31,21.62
IFGLEXPOR,2022-12-31,11.12
IGARASHI,2022-12-31,0
IGL,2022-12-31,11.96
IGL,2022-03-31,9.58
IGL,2018-03-31,19.23
IGL,2017-03-31,3.99
IGPL,2022-12-31,0
IIFL,2022-12-31,14.55
IIFL,2017-03-31,17.2
IIFLSEC,2022-12-31,0
IIFLWAM,2022-12-31,0
IMAGICAA,2022-12-31,0
IMFA,2022-12-31,0
INDHOTEL,2022-12-31,0
INDIACEM,2022-12-31,0.73
INDIACEM,2018-03-31,3.47
INDIAGLYCO,2022-12-31,0
INDIAMART,2022-12-31,0
INDIANB,2022-12-31,19.58
INDIANB,2022-03-31,13.76
INDIANB,2018-03-31,34.45
INDIANB,2017-03-31,14.44
INDIANHUME,2022-12-31,1.72
INDIANHUME,2017-03-31,6.86
INDIANHUME,2016-03-31,1.95
INDIGO,2022-12-31,-68.81
INDIGO,2022-03-31,-74.85
INDIGO,2018-03-31,94.37
INDNIPPON,2022-12-31,0
INDNIPPON,2017-03-31,2.7
INDOAMIN,2022-12-31,0
INDOBORAX,2022-12-31,0
INDOCO,2022-12-31,0
INDOCO,2018-03-31,-0.14
INDOCO,2017-03-31,1.95
INDORAMA,2022-12-31,0
INDOSTAR,2022-12-31,5.87
INDOWIND,2022-12-31,0
INDRAMEDCO,2017-06-30,0.52
INDSWFTLTD,2022-12-31,0
INDTERRAIN,2022-12-31,0
INDTERRAIN,2018-03-31,5.02
INDUSINDBK,2022-12-31,17.08
INDUSINDBK,2018-03-31,59.6
INDUSTOWER,2022-12-31,8.49
INDUSTOWER,2018-03-31,8.68
INEOSSTYRO,2022-12-31,0
INFIBEAM,2022-12-31,1.17
INFOBEAN,2022-12-31,8.98
INFOBEAN,2022-03-31,23.37
INFOBEAN,2021-03-31,15.3413
INFOBEAN,2020-03-31,8.9749
INFOBEAN,2019-03-31,7.1882
INFY,2022-12-31,27.1
INFY,2022-03-31,57.96
INFY,2018-03-31,43.14
INFY,2017-03-31,31.98
INGERRAND,2022-12-31,11.27
INOXLEISUR,2022-12-31,0
INOXLEISUR,2018-03-31,13.41
INOXWIND,2022-12-31,0.07
INOXWIND,2017-03-31,13.66
INSECTICID,2022-12-31,0
INTELLECT,2022-12-31,0
INTELLECT,2018-03-31,3.8
INTLCONV,2022-12-31,0
INVENTURE,2022-12-31,0
IOB,2022-12-31,0
IOC,2022-12-31,-1.64
IOC,2022-03-31,24.7
IOC,2021-03-31,17.01
IOC,2018-03-31,22.53
IOC,2017-03-31,16.28
IOLCP,2022-12-31,0
IOLCP,2022-03-31,5.07
IONEXCHANG,2022-12-31,0
IPCALAB,2022-12-31,5.64
IPCALAB,2022-03-31,21.97
IPCALAB,2018-03-31,18.48
IPCALAB,2017-03-31,6.8
IPL,2022-12-31,0
IRB,2022-12-31,12.04
IRB,2018-03-31,26.17
IRB,2017-03-31,20.36
IRBINVIT,2022-12-31,0
IRCON,2022-12-31,3.39
IRCON,2022-03-31,6.3
IRCTC,2022-12-31,5.89
IRCTC,2022-03-31,8.34
IRCTC,2021-03-31,2.31
IRCTC,2020-03-31,1.88
ISEC,2022-12-31,28.74
ISFT,2022-12-31,2.68
ISGEC,2022-12-31,0
ISMTLTD,2022-12-31,0
ITC,2022-12-31,6.98
ITC,2022-03-31,16.91
ITC,2018-03-31,8.81
ITC,2017-03-31,4.36
ITDC,2022-12-31,0
ITDCEM,2022-12-31,2.9
ITDCEM,2022-03-31,7.26
ITDCEM,2018-03-31,6.75
ITDCEM,2017-03-31,1.82
IVC,2022-12-31,0
IVP,2017-09-30,2.66
IZMO,2022-12-31,0
J&KBANK,2022-12-31,3.66
J&KBANK,2022-03-31,6.5
J&KBANK,2021-03-31,5.96
J&KBANK,2020-03-31,5.47
J&KBANK,2019-03-31,4.84
J&KBANK,2018-03-31,3.54
J&KBANK,2017-03-31,3.01
J&KBANK,2016-03-31,3.3
J&KBANK,2015-03-31,3.21
J&KBANK,2014-03-31,3.25
J&KBANK,2013-03-31,3.12
J&KBANK,2012-03-31,2.8
J&KBANK,2011-03-31,2.43
J&KBANK,2010-03-31,2.59
J&KBANK,2009-03-31,3.61
J&KBANK,2008-03-31,2.84
J&KBANK,2007-03-31,1.94
J&KBANK,2006-03-31,1.43
J&KBANK,2005-03-31,1.12
J&KBANK,2004-03-31,1.2
J&KBANK,2003-03-31,1.06
J&KBANK,2002-03-31,0.92
J&KBANK,2001-03-31,0.75
J&KBANK,2000-03-31,0.66
J&KBANK,1999-03-31,0.57
J&KBANK,1998-03-31,0.5
J&KBANK,1997-03-31,0.11
JAGRAN,2022-12-31,0
JAGRAN,2022-03-31,5.98
JAGRAN,2021-03-31,1.55
JAGRAN,2018-03-31,9.62
JAGRAN,2017-03-31,5.05
JAGSNPHARM,2022-12-31,0
JAIBALAJI,2022-12-31,0
JAICORPLTD,2022-12-31,0
JAMNAAUTO,2022-12-31,0
JASH,2022-09-30,1.1919
JASH,2022-03-31,26.6251
JASH,2021-03-31,25.7334
JASH,2020-03-31,16.9788
JASH,2019-03-31,4.8576
JAYAGROGN,2022-12-31,4.15
JAYBARMARU,2022-12-31,0
JAYNECOIND,2022-12-31,0
JAYSREETEA,2022-12-31,0
JBCHEPHARM,2022-12-31,0
JBFIND,2022-12-31,0
JBMA,2022-12-31,0
JCHAC,2022-12-31,0
JCHAC,2017-03-31,29.8
JETFREIGHT,2022-12-31,0
JHS,2022-12-31,0.71
JINDALPOLY,2022-12-31,0
JINDALSAW,2022-12-31,0
JINDALSTEL,2022-12-31,2.61
JINDALSTEL,2018-03-31,-8.99
JINDALSTEL,2017-03-31,-6.67
JINDWORLD,2022-12-31,0
JISLJALEQS,2022-12-31,0
JKCEMENT,2022-12-31,0
JKCEMENT,2018-03-31,50.21
JKIL,2022-12-31,5.43
JKIL,2018-03-31,25.46
JKLAKSHMI,2022-12-31,0
JKPAPER,2022-12-31,6.42
JKPAPER,2017-03-31,3.23
JKTYRE,2022-12-31,-3.95
JKTYRE,2017-03-31,3.41
JMCPROJECT,2022-12-31,0
JMFINANCIL,2022-12-31,0
JOCIL,2022-09-30,2.6445
JOCIL,2022-03-31,8.0245
JOCIL,2021-03-31,15.3242
JOCIL,2020-03-31,14.0657
JOCIL,2019-03-31,3.5744
JOCIL,2018-03-31,4.6215
JOCIL,2017-03-31,9.2421
JOCIL,2016-03-31,20.1963
JOCIL,2015-03-31,14.7577
JOCIL,2014-03-31,12.7521
JOCIL,2013-03-31,16.4625
JOCIL,2012-03-31,14.0789
JOCIL,2011-03-31,21.875
JOCIL,2010-03-31,24.0589
JPINFRATEC,2022-12-31,0
JPPOWER,2022-12-31,0
JSL,2022-12-31,5.46
JSL,2022-03-31,26.99
JSLHISAR,2022-12-31,0
JSLHISAR,2018-03-31,12.91
JSWENERGY,2022-12-31,0
JSWENERGY,2018-03-31,3.03
JSWHL,2022-12-31,0
JSWISPL,2022-12-31,0
JTEKTINDIA,2022-12-31,0
JTLIND,2022-12-31,0
JTLINFRA,2022-12-31,0
JUBLFOOD,2022-12-31,11.55
JUBLFOOD,2018-03-31,15.67
JUBLPHARMA,2022-12-31,0
JUSTDIAL,2022-12-31,12.88
JUSTDIAL,2018-03-31,20.91
JUSTDIAL,2017-03-31,3.62
JYOTHYLAB,2022-12-31,3.62
KABRAEXTRU,2022-12-31,0
KAJARIACER,2022-12-31,0
KAKATCEM,2017-09-30,10.61
KAKATCEM,2016-03-31,11.7
KALPATPOWR,2022-12-31,0
KALPATPOWR,2018-03-31,20.98
KAMDHENU,2022-12-31,0
KAMDHENU,2018-03-31,3.58
KANANIIND,2022-12-31,0
KANSAINER,2022-12-31,0
KARURVYSYA,2022-12-31,1.6
KARURVYSYA,2018-03-31,4.94
KAYA,2022-12-31,0
KAYA,2018-03-31,-11.08
KAYA,2017-03-31,0.19
KCP,2017-12-31,1.12
KCPSUGIND,2022-12-31,0
KDDL,2022-12-31,0.84
KDDL,2017-03-31,1.08
KEC,2022-12-31,1.21
KEC,2022-03-31,12.82
KEC,2018-03-31,17.92
KEC,2017-03-31,8.09
KECL,2022-12-31,0
KEI,2022-12-31,23.32
KEI,2022-03-31,38.11
KENNAMET,2022-12-31,0
KESORAMIND,2022-12-31,0
KHADIM,2022-12-31,0
KICL,2022-12-31,0
KILITCH,2022-12-31,0
KINGFA,2022-12-31,0
KIOCL,2022-12-31,0
KIRIINDUS,2022-12-31,0
KIRLFER,2022-12-31,0
KIRLOSBROS,2022-12-31,0
KIRLOSENG,2022-12-31,0
KIRLOSENG,2018-03-31,3.06
KIRLOSIND,2022-12-31,0
KITEX,2022-12-31,13.48
KKCL,2022-12-31,7.84
KKCL,2021-03-31,10.68
KNRCON,2022-12-31,7.41
KNRCON,2022-03-31,23.9
KNRCON,2017-03-31,5.91
KOKUYOCMLN,2022-12-31,0
KOLTEPATIL,2022-12-31,0
KOLTEPATIL,2018-03-31,8.42
KOLTEPATIL,2017-03-31,4.16
KOPRAN,2022-12-31,0
KOPRAN,2017-03-31,2.36
KOTAKBANK,2022-12-31,0
KOTHARIPET,2022-12-31,0
KOTHARIPET,2022-03-31,5.5883
KOTHARIPET,2021-03-31,3.8309
KOTHARIPET,2020-03-31,3.1147
KOTHARIPET,2019-03-31,2.0707
KOTHARIPET,2018-03-31,1.6273
KPIGREEN,2022-12-31,0
KPITTECH,2022-12-31,0
KPRMILL,2022-12-31,13.2
KPRMILL,2021-03-31,9.95
KPRMILL,2018-03-31,39.29
KPRMILL,2017-03-31,19.06
KRBL,2022-12-31,4.25
KREBSBIO,2022-12-31,0
KRISHANA,2022-03-31,10.2958
KRITI,2022-12-31,0
KRITINUT,2022-12-31,0
KRSNAA,2022-09-30,5.57
KSB,2022-12-31,0
KSCL,2022-12-31,133.76
KSCL,2018-03-31,31.36
KSCL,2017-03-31,-3.54
KSERASERA,2022-12-31,0
KSHITIJPOL,2022-09-30,0
KSL,2022-12-31,0
KTKBANK,2022-12-31,0
KUANTUM,2022-12-31,16.22
KUANTUM,2018-03-31,63.34
L&TFH,2022-12-31,0
L&TFH,2022-03-31,5.62
L&TFH,2019-03-31,2.52
L&TFH,2018-03-31,2.82
L&TFH,2017-03-31,3.02
L&TFH,2016-03-31,2.24
L&TFH,2015-03-31,2.68
L&TFH,2014-03-31,2.9
L&TFH,2013-03-31,2.1
L&TFH,2012-03-31,2.67
L&TFH,2011-03-31,3.71
L&TFH,2010-03-31,3.79
L&TFH,2009-03-31,-0.76
L&TFH,2008-03-31,3.71
L&TFH,2007-03-31,3.86
L&TFH,2006-03-31,2.02
L&TFH,2005-03-31,2.07
L&TFH,2004-03-31,1.06
L&TFH,2003-03-31,1.68
L&TFH,2002-03-31,1.36
L&TFH,2001-03-31,2
L&TFH,2000-03-31,1.45
L&TFH,1999-03-31,0.99
L&TFH,1998-03-31,1.5
L&TFH,1997-03-31,0.33
LALPATHLAB,2022-12-31,0
LALPATHLAB,2018-03-31,20.87
LAMBODHARA,2022-12-31,0
LANCER,2022-12-31,0
LAOPALA,2022-12-31,8.66
LAOPALA,2017-03-31,4.84
LAURUSLABS,2022-12-31,7.86
LAXMICOT,2022-09-30,0
LAXMIMACH,2022-12-31,0
LAXMIMACH,2018-03-31,58.93
LEEL,2016-12-31,12.4
LEEL,2015-03-31,12.11
LEMONTREE,2022-12-31,0.07
LFIC,2022-09-30,0
LFIC,2022-03-31,19.0236
LFIC,2021-03-31,30.5116
LFIC,2020-03-31,-21.9548
LFIC,2019-03-31,6.0993
LFIC,2018-03-31,15.3917
LFIC,2017-03-31,10.4867
LFIC,2016-03-31,12.1007
LFIC,2015-03-31,16.688
LFIC,2014-03-31,4.495
LFIC,2013-03-31,-26.0487
LGBBROSLTD,2022-12-31,7.44
LGBBROSLTD,2017-03-31,11.96
LIBAS,2022-09-30,2.6867
LIBAS,2022-03-31,4.9823
LIBAS,2021-03-31,-0.7314
LIBAS,2020-03-31,3.0371
LICHSGFIN,2022-12-31,25.65
LICHSGFIN,2018-03-31,39.42
LICHSGFIN,2017-03-31,10.49
LICI,2022-06-30,0.95
LINCOLN,2022-12-31,0
LOTUSEYE,2022-12-31,0
LOYALTEX,2022-12-31,0
LSIL,2022-12-31,0
LT,2022-12-31,92.11
LTI,2022-12-31,74.78
LTI,2022-03-31,145.75
LTI,2018-03-31,63.57
LTI,2017-03-31,14.6
LTIM,2022-12-31,0
LTTS,2022-12-31,52.63
LTTS,2022-03-31,90.55
LTTS,2021-03-31,55.32
LTTS,2018-03-31,48.11
LTTS,2017-03-31,9.13
LUMAXIND,2022-12-31,0
LUMAXIND,2018-03-31,48.52
LUMAXIND,2017-03-31,11.42
LUMAXTECH,2022-12-31,6.11
LUMAXTECH,2018-03-31,28.63
LUPIN,2022-12-31,0.89
LUPIN,2022-03-31,23.78
LUPIN,2017-03-31,31.1
LUXIND,2022-12-31,0
LUXIND,2018-03-31,12.58
LYKALABS,2022-12-31,0
M&M,2022-12-31,1.52
M&M,2022-03-31,6.05
M&M,2021-03-31,-1.03
M&M,2020-03-31,0.44
M&M,2019-03-31,4.14
M&M,2018-03-31,4.01
M&M,2017-03-31,2.97
M&M,2016-03-31,3.69
M&M,2015-03-31,4.41
M&M,2014-03-31,4.1
M&M,2013-03-31,3.63
M&M,2012-03-31,3
M&M,2011-03-31,2.3
M&M,2010-03-31,1.62
M&M,2009-03-31,1.11
M&M,2008-03-31,2.06
M&M,2007-03-31,2.51
M&M,2006-03-31,1.98
M&M,2005-03-31,2.06
M&M,2004-03-31,1.91
M&M,2003-03-31,1.53
M&M,2002-03-31,1.48
M&M,2001-03-31,1.57
M&M,2000-03-31,1.82
M&M,1999-03-31,1.68
M&M,1998-03-31,1.37
M&MFIN,2022-12-31,1.52
M&MFIN,2022-03-31,6.05
M&MFIN,2021-03-31,-1.03
M&MFIN,2020-03-31,0.44
M&MFIN,2019-03-31,4.14
M&MFIN,2018-03-31,4.01
M&MFIN,2017-03-31,2.97
M&MFIN,2016-03-31,3.69
M&MFIN,2015-03-31,4.41
M&MFIN,2014-03-31,4.1
M&MFIN,2013-03-31,3.63
M&MFIN,2012-03-31,3
M&MFIN,2011-03-31,2.3
M&MFIN,2010-03-31,1.62
M&MFIN,2009-03-31,1.11
M&MFIN,2008-03-31,2.06
M&MFIN,2007-03-31,2.51
M&MFIN,2006-03-31,1.98
M&MFIN,2005-03-31,2.06
M&MFIN,2004-03-31,1.91
M&MFIN,2003-03-31,1.53
M&MFIN,2002-03-31,1.48
M&MFIN,2001-03-31,1.57
M&MFIN,2000-03-31,1.82
M&MFIN,1999-03-31,1.68
M&MFIN,1998-03-31,1.37
MACPOWER,2022-12-31,0
MADHAV,2022-12-31,0
MAGNUM,2022-12-31,0
MAHABANK,2022-12-31,0
MAHASTEEL,2022-12-31,0
MAHESHWARI,2022-09-30,0
MAHESHWARI,2022-03-31,5.7943
MAHESHWARI,2021-03-31,3.138
MAHESHWARI,2020-03-31,4.9724
MAHINDCIE,2022-12-31,0.98
MAHINDCIE,2016-12-31,0.71
MAHLIFE,2022-12-31,0
MAHLOG,2022-12-31,3.56
MAHLOG,2022-03-31,2.48
MAHLOG,2018-03-31,2.87
MAHSCOOTER,2022-12-31,0
MAHSEAMLES,2022-12-31,0
MAITHANALL,2022-12-31,0
MALUPAPER,2022-12-31,0
MANAKSTEEL,2022-12-31,0
MANALIPETC,2022-12-31,0
MANAPPURAM,2022-12-31,0
MANGCHEFER,2022-12-31,0
MANGLMCEM,2022-12-31,0
MANGLMCEM,2018-03-31,4.26
MANINDS,2022-12-31,0
MANINFRA,2022-12-31,0
MANINFRA,2018-03-31,2.27
MANINFRA,2017-03-31,0.77
MANORAMA,2022-12-31,0
MANORG,2022-12-31,0
MANPASAND,2018-03-31,8.7
MARICO,2022-12-31,5.19
MARICO,2022-03-31,9.27
MARICO,2017-03-31,2.8
MARKSANS,2022-12-31,0
MARSHALL,2022-12-31,0
MARUTI,2022-12-31,101.77
MARUTI,2022-03-31,249.64
MARUTI,2018-03-31,255.3
MARUTI,2017-03-31,114.32
MASFIN,2022-12-31,0
MASTEK,2022-12-31,25.81
MASTEK,2022-03-31,77.24
MASTEK,2018-03-31,20.9
MATRIMONY,2022-12-31,0
MAXIND,2022-12-31,0
MAXVIL,2022-12-31,0
MAYURUNIQ,2022-12-31,0
MAZDOCK,2022-12-31,6.69
MBAPL,2022-09-30,7.4294
MBAPL,2022-03-31,13.0143
MBAPL,2021-03-31,6.4897
MBAPL,2020-03-31,4.024
MBLINFRA,2016-09-30,-22.5
MBLINFRA,2016-03-31,11.92
MCDOWELL-N,2022-12-31,-1.8735
MCDOWELL-N,2020-03-31,16.5762
MCDOWELL-N,2018-03-31,5.44
MCLEODRUSS,2022-12-31,0
MCX,2022-09-30,16.46
MCX,2022-03-31,40.41
MCX,2018-03-31,15.75
MCX,2017-03-31,10.95
MEDICAMEQ,2022-12-31,0
MENONBE,2022-12-31,3.08
MENONBE,2017-03-31,1.03
MERCATOR,2022-12-31,0
METROPOLIS,2022-12-31,12.07
MFSL,2022-12-31,3.12
MFSL,2022-03-31,7.11
MGL,2022-12-31,0
MGL,2018-03-31,48.38
MHRIL,2022-12-31,2.39
MICEL,2022-12-31,0
MINDACORP,2022-12-31,1.79
MINDACORP,2017-03-31,4.47
MINDSPACE,2022-12-31,0
MINDTECK,2022-12-31,0
MIRCELECTR,2022-12-31,0
MIRZAINT,2017-12-31,1.72
MITTAL,2022-09-30,0
MMFL,2022-12-31,0
MMP,2022-09-30,3.2039
MMP,2022-03-31,15.5448
MODISONLTD,2022-12-31,0
MOIL,2022-12-31,1.34
MOIL,2018-03-31,19.26
MOIL,2017-03-31,8.39
MOLDTKPAC,2022-12-31,0
MONTECARLO,2022-12-31,0
MONTECARLO,2018-03-31,27.52
MORARJEE,2022-12-31,0
MOREPENLAB,2022-12-31,0
MOREPENLAB,2018-03-31,0.09
MOTHERSON,2022-12-31,0
MOTILALOFS,2022-12-31,0
MOTILALOFS,2018-03-31,36.89
MPHASIS,2022-09-30,43.27
MPHASIS,2022-03-31,39.46
MPHASIS,2018-03-31,43.28
MPHASIS,2017-03-31,18.88
MPSLTD,2022-12-31,28.29
MPSLTD,2022-03-31,36.77
MPSLTD,2018-03-31,37.7
MPSLTD,2017-03-31,19.97
MRF,2022-12-31,557.27
MRF,2022-03-31,713.72
MRF,2018-03-31,3732.97
MRO-TEK,2022-12-31,0
MRPL,2022-12-31,11.1
MRPL,2017-03-31,5.2
MSPL,2022-12-31,0
MSTCLTD,2022-12-31,0
MSUMI,2022-09-30,0.55
MSUMI,2022-03-31,0.36
MTEDUCARE,2022-12-31,0
MTNL,2022-12-31,0
MUKANDLTD,2022-12-31,0
MUNJALSHOW,2022-12-31,0
MUNJALSHOW,2018-03-31,7.17
MURUDCERA,2022-12-31,0
MUTHOOTCAP,2022-12-31,0
MUTHOOTFIN,2022-12-31,24.31
MUTHOOTFIN,2018-03-31,42.85
NACLIND,2022-12-31,0
NAGAFERT,2022-12-31,0
NAM-INDIA,2022-12-31,0
NATCOPHARM,2022-12-31,19.68
NATCOPHARM,2018-03-31,38.86
NATHBIOGEN,2022-12-31,0
NATIONALUM,2022-12-31,0
NATIONALUM,2018-03-31,2.69
NATNLSTEEL,2017-09-30,0.74
NAUKRI,2022-12-31,24.46
NAUKRI,2022-03-31,-30.65
NAUKRI,2018-03-31,22.36
NAUKRI,2017-03-31,7.06
NAVA,2022-12-31,0
NAVINFLUOR,2022-12-31,0
NAVKARCORP,2022-12-31,0
NAVKARCORP,2018-03-31,6.69
NAVNETEDUL,2022-12-31,0
NAVNETEDUL,2018-03-31,6.56
NAZARA,2022-09-30,1.48
NAZARA,2022-03-31,3.33
NBCC,2018-03-31,1.92
NCC,2022-12-31,11.17
NCC,2017-03-31,2.83
NCLIND,2018-06-30,9.37
NDL,2018-03-31,9.76
NDL,2017-03-31,5.08
NDTV,2022-12-31,-0.35
NECLIFE,2022-12-31,0
NELCAST,2022-12-31,1.18
NELCO,2022-12-31,0
NEOGEN,2022-12-31,4.45
NEOGEN,2022-03-31,20.59
NESCO,2022-12-31,19.01
NESCO,2017-03-31,12.86
NESTLEIND,2022-12-31,0
NETWORK18,2022-12-31,0
NEULANDLAB,2022-12-31,0
NEWGEN,2022-12-31,0
NFL,2022-12-31,0
NGLFINE,2022-12-31,0
NH,2022-12-31,10.41
NH,2022-03-31,17.29
NH,2018-03-31,2.52
NH,2017-03-31,2.01
NHPC,2022-12-31,1.04
NHPC,2018-03-31,2.68
NHPC,2017-03-31,-0.08
NIACL,2022-12-31,0
NIITLTD,2022-12-31,0
NIITLTD,2017-03-31,0.22
NILAINFRA,2022-12-31,0
NILKAMAL,2022-12-31,0
NITINSPIN,2022-12-31,0
NITIRAJ,2022-09-30,0
NLCINDIA,2022-12-31,0
NMDC,2022-12-31,5.01
NMDC,2022-03-31,18.91
NMDC,2017-03-31,3.44
NOCIL,2022-12-31,7.1
NOIDATOLL,2022-12-31,0
NOVARTIND,2022-12-31,0
NRBBEARING,2022-12-31,0
NRBBEARING,2018-03-31,8.45
NSIL,2022-12-31,0
NTPC,2022-09-30,7.23
NTPC,2022-03-31,15.66
NTPC,2021-03-31,18.16
NTPC,2018-03-31,12.53
NTPC,2017-03-31,6.47
NUCLEUS,2022-12-31,4.93
NUVOCO,2022-09-30,-3.08
NUVOCO,2022-03-31,-1.59
NXTDIGITAL,2022-12-31,0
NYKAA,2022-09-30,0.03
NYKAA,2022-03-31,0.13
OAL,2022-12-31,0
OBEROIRLTY,2022-12-31,17.14
OBEROIRLTY,2018-03-31,13.51
OCCL,2022-12-31,30.07
OCCL,2017-03-31,9.03
OFSS,2022-12-31,102.66
OFSS,2022-03-31,105.86
OFSS,2018-03-31,104.57
OFSS,2017-03-31,105.96
OIL,2022-12-31,29.71
OIL,2022-03-31,29.03
OIL,2021-03-31,35.43
OIL,2018-03-31,23.32
OIL,2017-03-31,15.37
OMAXAUTO,2022-12-31,0
OMAXE,2022-12-31,0
OMINFRAL,2022-12-31,0
OMKARCHEM,2022-12-31,0
ONEPOINT,2022-09-30,0.1017
ONEPOINT,2022-03-31,0.1887
ONEPOINT,2021-03-31,-0.741
ONEPOINT,2020-03-31,-1.0403
ONGC,2022-12-31,22.29
ONGC,2022-03-31,50.88
ONGC,2018-03-31,15.55
ONGC,2017-03-31,6.77
ONMOBILE,2022-12-31,0
ONWARDTEC,2022-12-31,0
OPTIEMUS,2022-12-31,0
ORBTEXP,2022-12-31,3.8
ORCHPHARMA,2022-12-31,0
ORIENTABRA,2022-12-31,0
ORIENTBELL,2022-12-31,0
ORIENTCEM,2022-12-31,0
ORIENTCEM,2018-03-31,2.17
ORIENTELEC,2022-12-31,0
ORIENTHOT,2022-12-31,0
ORIENTLTD,2018-03-31,4.43
ORIENTPPR,2017-06-30,0.38
ORTEL,2017-06-30,-0.94
ORTEL,2017-03-31,0.19
PAGEIND,2022-12-31,185.62
PAGEIND,2022-03-31,675.63
PAGEIND,2018-03-31,469.86
PAISALO,2022-12-31,0
PALREDTEC,2022-12-31,0
PANACEABIO,2022-12-31,0
PANACHE,2022-09-30,0.0965
PANACHE,2022-03-31,0.6659
PANACHE,2021-03-31,0.2993
PANACHE,2020-03-31,-6.0496
PANAMAPET,2022-12-31,0
PAR,2022-09-30,0
PARACABLES,2022-12-31,0
PARAGMILK,2022-12-31,0
PARAGMILK,2018-03-31,10.37
PASUPTAC,2022-12-31,0
PATELENG,2022-12-31,0
PATINTLOG,2022-12-31,0
PAYTM,2022-12-31,-19
PAYTM,2022-03-31,-24
PCBL,2022-12-31,12.12
PCJEWELLER,2022-12-31,0
PCJEWELLER,2018-03-31,18.13
PDMJEPAPER,2022-12-31,0
PDSL,2022-12-31,0
PEL,2022-12-31,0
PEL,2017-03-31,18.38
PENIND,2022-12-31,1.76
PENIND,2017-03-31,2.39
PENINLAND,2022-12-31,0
PERSISTENT,2022-12-31,0
PERSISTENT,2018-03-31,40.39
PETRONET,2022-12-31,4.24
PETRONET,2021-03-31,23.86
PETRONET,2018-03-31,13.86
PFC,2022-12-31,5.13
PFC,2018-03-31,22.18
PFC,2017-03-31,-5.53
PFIZER,2022-12-31,36.89
PFIZER,2022-03-31,58.75
PFIZER,2018-03-31,47.84
PFIZER,2017-03-31,29.34
PFOCUS,2022-12-31,-1.7
PFOCUS,2018-03-31,-2.08
PGEL,2022-12-31,4.67
PGHH,2022-12-31,96.84
PGHH,2017-06-30,149.01
PGHL,2022-12-31,0
PGIL,2017-09-30,3.61
PHOENIXLTD,2022-12-31,0
PIDILITIND,2022-12-31,17.8
PIIND,2022-12-31,56.77
PIIND,2018-03-31,26.54
PIIND,2017-03-31,16.57
PILANIINVS,2022-12-31,0
PILITA,2022-12-31,0
PIONEEREMB,2022-12-31,0
PITTIENG,2022-12-31,0
PLASTIBLEN,2022-12-31,0
PNB,2022-12-31,0.65
PNB,2022-03-31,1.2
PNB,2018-03-31,-49.61
PNB,2017-03-31,2.2
PNBGILTS,2022-12-31,0
PNBHOUSING,2022-12-31,36.21
PNBHOUSING,2017-03-31,9.08
PNCINFRA,2022-12-31,5.37
PNCINFRA,2018-03-31,7.85
PODDARHOUS,2022-12-31,0
PODDARMENT,2022-12-31,0
POKARNA,2022-12-31,0
POLYCAB,2022-12-31,32.06
POLYCAB,2022-03-31,48.83
POLYCAB,2021-03-31,36.35
POLYMED,2022-12-31,0
POLYMED,2017-03-31,3.21
POLYPLEX,2022-12-31,0
PONNIERODE,2022-12-31,0
POONAWALLA,2022-12-31,2.56
POONAWALLA,2018-03-31,7.8
POWERGRID,2022-12-31,0
POWERGRID,2018-03-31,15.94
POWERMECH,2022-12-31,0
POWERMECH,2018-03-31,54
PPAP,2022-12-31,0
PPAP,2017-03-31,6.24
PRAJIND,2022-12-31,0
PRAJIND,2018-03-31,1.77
PRAJIND,2017-03-31,1.94
PRAKASH,2022-12-31,13.18
PRAKASH,2017-03-31,4.19
PRAXIS,2022-12-31,0
PRECAM,2022-12-31,0
PRECWIRE,2022-12-31,0
PREMEXPLN,2022-12-31,0
PREMIERPOL,2022-12-31,0
PRESSMN,2022-12-31,0
PRESSMN,2017-03-31,0.15
PRESTIGE,2022-12-31,0
PRESTIGE,2018-03-31,9.9
PRICOLLTD,2022-12-31,0
PRINCEPIPE,2022-12-31,0
PRIVISCL,2022-12-31,0
PROZONINTU,2022-12-31,0
PRSMJOHNSN,2022-12-31,0
PSB,2022-12-31,0
PSPPROJECT,2022-12-31,0
PTC,2022-12-31,0
PTC,2018-03-31,14.6
PTL,2022-12-31,0
PUNJABCHEM,2022-12-31,0
PURVA,2022-12-31,0.7
PVR,2022-12-31,-3.07
PVR,2022-03-31,-62.11
PVR,2018-03-31,26.63
PVR,2017-03-31,9.39
QUESS,2022-12-31,7.3
QUESS,2022-03-31,10.62
QUESS,2018-03-31,18.05
QUESS,2017-03-31,4.56
RADHIKAJWE,2022-12-31,0
RADICO,2022-12-31,8.72
RADICO,2022-03-31,9.67
RADICO,2018-03-31,7.12
RADICO,2017-03-31,2.88
RADIOCITY,2022-12-31,4.31
RAIN,2022-12-31,8.76
RAIN,2017-12-31,28.06
RAJESHEXPO,2017-09-30,20.15
RAJESHEXPO,2017-03-31,21.74
RAJRATAN,2022-12-31,0
RAJTV,2022-12-31,0
RALLIS,2022-12-31,0
RALLIS,2022-03-31,8.43
RALLIS,2018-03-31,7.28
RALLIS,2017-03-31,3.41
RAMANEWS,2022-12-31,0
RAMAPHO,2022-12-31,0
RAMASTEEL,2022-12-31,3.09
RAMASTEEL,2018-03-31,4.39
RAMCOCEM,2022-12-31,17
RAMCOCEM,2018-03-31,24
RAMCOIND,2022-12-31,5.52
RAMCOIND,2017-03-31,1.63
RAMCOSYS,2022-12-31,0.57
RAMCOSYS,2017-03-31,2.62
RAMRAT,2022-12-31,0
RANEHOLDIN,2022-12-31,0
RATNAMANI,2022-12-31,0
RAYMOND,2022-12-31,11.05
RBA,2022-12-31,-1.01
RBA,2022-03-31,-1.49
RBL,2022-12-31,28.45
RBL,2017-03-31,32.93
RBLBANK,2022-12-31,6.72
RBLBANK,2022-03-31,14.45
RBLBANK,2018-03-31,14.82
RCF,2022-12-31,0
RCOM,2022-12-31,-4.95
RCOM,2017-03-31,-5.91
RECLTD,2022-12-31,8.93
RECLTD,2018-03-31,23.53
RECLTD,2017-03-31,15.56
REDINGTON,2022-12-31,3.03
REDINGTON,2021-03-31,10.87
REDINGTON,2018-03-31,12.03
RELAXO,2022-09-30,16.97
RELAXO,2017-03-31,4.94
RELCAPITAL,2022-12-31,0
RELCHEMQ,2022-12-31,0
RELIANCE,2022-12-31,66.99
RELIANCE,2021-03-31,75.37
RELIANCE,2020-03-31,62.5974
RELIANCE,2019-03-31,62.3376
RELIANCE,2018-03-31,55.8762
RELIANCE,2017-03-31,50.1024
RELIANCE,2016-03-31,43.3784
RELIANCE,2015-03-31,37.0567
RELIGARE,2022-12-31,0
RELINFRA,2022-12-31,0
REMSONSIND,2022-12-31,0
RENUKA,2022-12-31,0
REPCOHOME,2022-12-31,20.43
REPCOHOME,2018-03-31,32.95
REPCOHOME,2017-03-31,15.51
REPL,2022-12-31,0
REPRO,2022-12-31,0
RESPONIND,2022-12-31,0
RHFL,2022-12-31,0
RHIM,2022-12-31,8.04
RICOAUTO,2022-12-31,0
RIIL,2022-12-31,4.38
RITES,2022-12-31,10.85
RITES,2022-03-31,20.68
RKEC,2022-09-30,0
RKFORGE,2022-12-31,2.54
RKFORGE,2020-03-31,20.45
RKFORGE,2017-03-31,4.46
RML,2022-12-31,0
RNAVAL,2022-09-30,0
ROHLTD,2022-12-31,0
ROHLTD,2018-03-31,2.31
ROSSARI,2022-09-30,4.32
ROUTE,2022-12-31,22.78
ROUTE,2022-03-31,15
RPGLIFE,2022-12-31,7.38
RPGLIFE,2017-03-31,0.2
RPOWER,2022-12-31,0
RPOWER,2018-03-31,3.68
RPOWER,2017-03-31,1.75
RPPINFRA,2022-12-31,0
RPPL,2022-09-30,0
RPSGVENT,2022-12-31,0
RSWM,2022-12-31,0
RTNINDIA,2022-12-31,0
RTNPOWER,2022-12-31,0
RUBYMILLS,2022-12-31,3.68
RUCHIRA,2022-12-31,10.45
RUCHIRA,2017-03-31,7.48
RUPA,2022-12-31,1.17
RUPA,2017-03-31,2.96
RUSHIL,2022-12-31,0
RUSHIL,2018-03-31,16.92
RUSHIL,2017-03-31,4.48
RVNL,2022-12-31,0
S&SPOWER,2022-09-30,-0.36
S&SPOWER,2022-03-31,-1.04
S&SPOWER,2019-03-31,0.02
S&SPOWER,2018-03-31,1.82
S&SPOWER,2017-03-31,-0.31
S&SPOWER,2016-03-31,-0.51
S&SPOWER,2015-03-31,-0.84
S&SPOWER,2014-03-31,-0.79
SADBHAV,2022-12-31,-0.18
SADBHAV,2022-03-31,5.31
SADBHAV,2018-03-31,12.39
SADBHAV,2017-03-31,7.04
SADBHIN,2022-12-31,-1.86
SADBHIN,2018-03-31,-9.35
SAFARI,2022-12-31,0
SAGCEM,2022-12-31,-4.8
SAGCEM,2022-03-31,-1.24
SAGCEM,2018-03-31,1.98
SAIL,2022-12-31,0.95
SAIL,2022-03-31,10.19
SAIL,2018-03-31,-1.27
SAIL,2017-03-31,-3.79
SAKAR,2022-09-30,0
SAKSOFT,2022-12-31,13.32
SAKUMA,2018-06-30,0.34
SAKUMA,2018-03-31,0.28
SALASAR,2022-12-31,5.97
SALASAR,2018-03-31,7.47
SALZERELEC,2022-12-31,0
SAMBHAAV,2022-12-31,0
SANDHAR,2022-12-31,7.06
SANDHAR,2022-03-31,10.59
SANGHIIND,2022-12-31,0
SANGHIIND,2018-03-31,4.17
SANOFI,2022-12-31,52.23
SANOFI,2016-12-31,129.13
SANSERA,2022-06-30,6.34
SANWARIA,2022-12-31,0
SARDAEN,2022-12-31,15.27
SARDAEN,2017-03-31,4.87
SAREGAMA,2022-12-31,0
SARLAPOLY,2022-12-31,0
SASKEN,2022-12-31,0
SASKEN,2018-03-31,27.1
SATIA,2022-12-31,0
SATIN,2022-12-31,0
SBCL,2022-12-31,0
SBICARD,2022-12-31,5.53
SBICARD,2022-03-31,9.33
SBILIFE,2022-12-31,6.39
SBILIFE,2022-03-31,10.35
SBIN,2022-12-31,21.66
SBIN,2022-03-31,48.52
SBIN,2020-03-31,16.29
SBIN,2019-03-31,0.9
SBIN,2018-03-31,-13.52
SBIN,2017-03-31,6.01
SBIN,2016-03-31,15.05
SBIN,2015-03-31,18.19
SBIN,2014-03-31,118.3
SCHAEFFLER,2022-12-31,0
SCHAND,2022-12-31,0
SCHNEIDER,2022-12-31,0
SCI,2022-12-31,0.57
SDBL,2022-12-31,0.62
SEAMECLTD,2022-12-31,0
SECURKLOUD,2022-12-31,0
SEPC,2022-12-31,0
SEPOWER,2022-12-31,0
SEQUENT,2022-12-31,0
SESHAPAPER,2022-12-31,24.34
SFL,2022-12-31,0
SFL,2018-03-31,21.7
SGIL,2022-12-31,0
SHAILY,2022-12-31,0
SHAKTIPUMP,2022-12-31,0
SHALBY,2022-12-31,0
SHALPAINTS,2022-12-31,0
SHANKARA,2022-12-31,0
SHANKARA,2018-03-31,24.8
SHANTIGEAR,2022-12-31,1.7
SHANTIGEAR,2017-03-31,0.75
SHARDACROP,2022-12-31,0
SHARDACROP,2018-03-31,21.14
SHARDAMOTR,2022-12-31,0
SHAREINDIA,2022-12-31,0
SHEMAROO,2022-12-31,12.74
SHEMAROO,2017-03-31,10.42
SHILPAMED,2022-12-31,0
SHIVALIK,2022-12-31,0
SHIVAMILLS,2022-12-31,0
SHIVATEX,2022-12-31,0
SHK,2022-12-31,0
SHK,2022-03-31,14.08
SHK,2018-03-31,7.4
SHK,2017-03-31,3.65
SHOPERSTOP,2022-12-31,0
SHOPERSTOP,2018-03-31,7.39
SHREDIGCEM,2022-12-31,0
SHREECEM,2022-12-31,0
SHREECEM,2021-03-31,735.15
SHREECEM,2018-03-31,397.32
SHREEPUSHK,2022-12-31,6.41
SHREEPUSHK,2017-03-31,5.1
SHREERAMA,2022-12-31,0
SHRENIK,2022-12-31,0.0414
SHRENIK,2022-03-31,-0.235
SHRENIK,2021-03-31,-0.0243
SHRENIK,2020-03-31,0.1895
SHREYANIND,2018-06-30,17.29
SHREYANIND,2017-03-31,9.89
SHREYAS,2022-12-31,0
SHRIPISTON,2022-12-31,57.9526
SHRIPISTON,2022-03-31,73.7005
SHRIPISTON,2021-03-31,39.6649
SHRIPISTON,2020-03-31,32.6392
SHRIRAMFIN,2022-12-31,0
SHYAMCENT,2022-12-31,0
SICAL,2022-12-31,2.01
SICAL,2017-03-31,2.54
SIEMENS,2022-12-31,16.28
SIEMENS,2018-09-30,25.1
SIEMENS,2017-09-30,19.78
SIL,2022-12-31,0
SILGO,2022-09-30,0
SIMPLEXINF,2022-12-31,0
SINTEX,2017-06-30,0.64
SINTEX,2017-03-31,6.78
SIRCA,2022-12-31,0
SIS,2022-12-31,50.94
SIS,2021-03-31,25.47
SIS,2018-03-31,11.01
SITINET,2022-12-31,0
SKFINDIA,2022-12-31,0
SKIL,2022-06-30,-0.8283
SKIL,2022-03-31,-7.4371
SKIL,2021-03-31,-23.2776
SKIL,2020-03-31,-91.3343
SKIPPER,2022-12-31,0
SKIPPER,2018-03-31,11.46
SKMEGGPROD,2022-12-31,0
SMLISUZU,2022-12-31,0
SMLT,2022-12-31,0
SMSLIFE,2022-12-31,0
SMSPHARMA,2022-12-31,0
SNOWMAN,2022-12-31,0
SNOWMAN,2018-03-31,0.01
SNOWMAN,2017-03-31,0.38
SOBHA,2022-12-31,3.47
SOBHA,2022-03-31,12.2
SOBHA,2021-03-31,6.59
SOBHA,2020-03-31,29.75
SOBHA,2019-03-31,31.29
SOBHA,2018-03-31,22.6
SOBHA,2017-03-31,16.8
SOBHA,2016-03-31,33.13
SOBHA,2014-03-31,18.74
SOLARA,2022-12-31,-7.33
SOLARA,2022-03-31,-29.37
SOLARINDS,2022-06-30,18.8
SOLARINDS,2022-03-31,49
SOLARINDS,2021-03-31,54.56
SOLARINDS,2019-03-31,29.25
SOLARINDS,2018-03-31,24.48
SOLARINDS,2017-03-31,15.43
SOMANYCERA,2022-12-31,0
SONATSOFTW,2022-12-31,16.26
SOTL,2022-12-31,0
SOUTHBANK,2022-12-31,0
SOUTHBANK,2018-03-31,1.85
SOUTHWEST,2022-12-31,0
SPAL,2022-12-31,9.05
SPAL,2021-03-31,17.23
SPANDANA,2022-12-31,0
SPARC,2022-12-31,0
SPCENET,2022-09-30,0
SPENCERS,2022-12-31,0
SPICEJET,2022-12-31,0
SPLPETRO,2022-12-31,0
SPORTKING,2022-12-31,0
SPTL,2018-09-30,0.64
SPTL,2018-03-31,-0.19
SPYL,2017-12-31,-0.03
SREEL,2022-12-31,7.53
SREEL,2018-03-31,4.7
SRF,2022-12-31,36.74
SRF,2022-03-31,87.11
SRF,2018-03-31,57.56
SRF,2017-03-31,40.73
SRHHYPOLTD,2022-12-31,0.78
SRTRANSFIN,2022-12-31,0
SSWL,2022-12-31,11.66
SSWL,2017-03-31,13.32
SSWL,2016-03-31,12.05
STAR,2022-12-31,-7.81
STAR,2022-03-31,-1.41
STAR,2018-03-31,65.85
STARCEMENT,2022-12-31,0
STARCEMENT,2018-03-31,2.57
STARPAPER,2018-06-30,6.18
STEELCAS,2022-12-31,0
STEELCITY,2022-12-31,0
STERTOOLS,2022-12-31,0
STLTECH,2022-12-31,-7.71
STYLAMIND,2022-12-31,0
SUBEXLTD,2022-12-31,0
SUBROS,2022-12-31,5.4
SUDARSCHEM,2022-12-31,3.38
SUDARSCHEM,2017-03-31,2.76
SUKHJITS,2022-12-31,0
SUMEETINDS,2022-12-31,0
SUMICHEM,2022-12-31,0
SUMIT,2022-09-30,0
SUMMITSEC,2022-12-31,0
SUNCLAYLTD,2022-12-31,0
SUNDARMFIN,2022-12-31,26.56
SUNDARMFIN,2018-03-31,50.46
SUNDARMHLD,2022-12-31,3.3493
SUNDARMHLD,2022-03-31,7.456
SUNDARMHLD,2021-03-31,4.3734
SUNDARMHLD,2020-03-31,4.6253
SUNDRMBRAK,2022-12-31,0
SUNDRMFAST,2022-12-31,5.05
SUNDRMFAST,2018-03-31,13.19
SUNDRMFAST,2017-03-31,4.28
SUNFLAG,2022-12-31,0
SUNPHARMA,2021-06-30,16.85
SUNPHARMA,2018-03-31,15.14
SUNPHARMA,2017-03-31,11.3
SUNTECK,2022-12-31,10.04
SUNTECK,2017-03-31,12
SUNTV,2022-12-31,12.54
SUNTV,2018-03-31,27.73
SUNTV,2017-03-31,12.08
SUPERSPIN,2022-12-31,0
SUPRAJIT,2022-12-31,5.2738
SUPRAJIT,2022-03-31,12.4878
SUPRAJIT,2021-03-31,10.2028
SUPRAJIT,2020-03-31,7.4328
SUPRAJIT,2019-03-31,9.5655
SUPRAJIT,2018-03-31,8
SUPRAJIT,2017-03-31,8.5205
SUPRAJIT,2016-03-31,5.9394
SUPRAJIT,2015-03-31,4.1906
SUPRAJIT,2014-03-31,4.2334
SUPRAJIT,2013-03-31,3.9263
SUPRAJIT,2012-03-31,3.3175
SUPRAJIT,2011-03-31,2.7283
SUPRAJIT,2010-03-31,1.8472
SUPRAJIT,2009-03-31,0.7538
SUPRAJIT,2008-03-31,0.6654
SUPRAJIT,2007-03-31,0.9651
SUPREMEENG,2022-09-30,0
SUPREMEIND,2022-12-31,16.07
SUPREMEIND,2018-03-31,33.72
SUPREMEIND,2017-03-31,10.01
SUPREMEINF,2022-12-31,0
SURYALAXMI,2022-12-31,0
SURYAROSNI,2022-12-31,7.99
SURYAROSNI,2017-03-31,5.15
SUTLEJTEX,2022-12-31,2.32
SUTLEJTEX,2017-03-31,3.72
SUULD,2022-09-30,0
SUVEN,2022-12-31,0
SUVENPHAR,2022-12-31,0
SUZLON,2022-12-31,-6.15
SUZLON,2017-03-31,1.5
SWANENERGY,2022-12-31,0
SWARAJENG,2022-12-31,0
SWARAJENG,2018-03-31,47.24
SWELECTES,2022-12-31,0
SWSOLAR,2022-12-31,0
SYMPHONY,2022-12-31,0
SYMPHONY,2018-03-31,26.15
SYNCOMF,2022-12-31,0
SYNGENE,2022-12-31,4.36
SYNGENE,2022-03-31,6.22
SYNGENE,2018-03-31,15.38
SYNGENE,2017-03-31,7.71
TAJGVK,2022-12-31,0
TAKE,2022-12-31,0
TAKE,2018-03-31,6.58
TALBROAUTO,2022-12-31,0
TANLA,2022-12-31,0
TANLA,2022-03-31,22.01
TARSONS,2022-06-30,3.82
TARSONS,2022-03-31,5.69
TASTYBITE,2022-12-31,0
TATACHEM,2022-12-31,0
TATACHEM,2018-03-31,36.94
TATACOFFEE,2022-12-31,0
TATACOMM,2022-12-31,-1.99
TATACOMM,2018-03-31,1.65
TATACONSUM,2022-12-31,6.98
TATACONSUM,2018-03-31,3.83
TATAELXSI,2022-12-31,0
TATAINVEST,2022-12-31,0
TATAMETALI,2022-12-31,0
TATAMOTORS,2022-12-31,0
TATAMTRDVR,2018-03-31,20.74
TATAPOWER,2022-12-31,0
TATASTEEL,2022-12-31,0
TATASTLLP,2022-12-31,0
TBZ,2017-09-30,0.99
TCI,2022-12-31,17.44
TCI,2021-03-31,8.72
TCI,2018-03-31,10.7
TCI,2017-03-31,7.21
TCIEXP,2022-12-31,0
TCIEXP,2022-03-31,41.76
TCIEXP,2018-03-31,12.07
TCNSBRANDS,2022-12-31,0
TCPLPACK,2022-12-31,0
TCS,2022-12-31,54.41
TCS,2022-03-31,119.11
TCS,2018-03-31,67.14
TCS,2017-03-31,67.92
TDPOWERSYS,2018-03-31,-4.34
TEAMLEASE,2022-12-31,0
TEAMLEASE,2018-03-31,42.94
TECHM,2022-12-31,27.58
TECHM,2022-03-31,84.86
TECHM,2018-03-31,59.71
TECHNOE,2022-12-31,3.27
TECHNOE,2018-03-31,17.73
TECHNOFAB,2018-03-31,6
TEJASNET,2022-12-31,0
TEMBO,2022-09-30,0
TEXINFRA,2022-12-31,0
TEXRAIL,2022-12-31,0
TEXRAIL,2018-03-31,1.49
TFCILTD,2022-12-31,5.1
THANGAMAYL,2018-09-30,12.64
THEINVEST,2022-12-31,0
THEMISMED,2022-12-31,0
THERMAX,2022-12-31,18.8
THERMAX,2022-03-31,27.73
THERMAX,2018-03-31,22.09
THERMAX,2017-03-31,14.49
THOMASCOOK,2022-12-31,0
THYROCARE,2022-12-31,0
THYROCARE,2018-03-31,13.15
TI,2018-06-30,0.03
TIDEWATER,2022-12-31,0
TIIL,2022-12-31,7.52
TIIL,2015-03-31,5.56
TIINDIA,2022-12-31,8.79
TIINDIA,2021-03-31,8.79
TIL,2022-12-31,0
TIMETECHNO,2022-12-31,0
TIMETECHNO,2018-03-31,7.99
TIMKEN,2022-12-31,10.05
TIMKEN,2017-03-31,5.73
TINPLATE,2022-12-31,0
TIPSINDLTD,2022-12-31,0
TIRUMALCHM,2022-12-31,0
TIRUPATIFL,2022-09-30,0.3255
TIRUPATIFL,2022-03-31,0.8464
TIRUPATIFL,2021-03-31,0.0404
TITAN,2022-12-31,18.59
TITAN,2022-03-31,24.69
TITAN,2018-03-31,14.14
TITAN,2017-03-31,5.18
TNPL,2017-03-31,29.4
TOKYOPLAST,2022-12-31,0
TORNTPHARM,2022-12-31,0
TORNTPOWER,2022-12-31,8.58
TORNTPOWER,2018-03-31,11.12
TOUCHWOOD,2022-03-31,2.0734
TOUCHWOOD,2021-03-31,0.963
TPLPLASTEH,2022-12-31,0
TREEHOUSE,2022-12-31,0
TRENT,2022-12-31,8.12
TRENT,2022-03-31,5.85
TRIDENT,2022-12-31,0
TRIDENT,2018-03-31,5.16
TRIDENT,2017-03-31,3.55
TRIGYN,2022-12-31,0
TRIL,2022-12-31,0
TRIL,2017-03-31,0.28
TRITURBINE,2022-12-31,1.79
TRITURBINE,2017-03-31,0.82
TRIVENI,2022-12-31,3.82
TRIVENI,2018-03-31,3.07
TRIVENI,2017-03-31,10.42
TRU,2022-12-31,0
TTKHLTCARE,2022-12-31,0
TTKPRESTIG,2022-12-31,0
TTL,2022-12-31,0
TV18BRDCST,2022-12-31,0
TVSELECT,2022-12-31,0
TVSMOTOR,2022-12-31,0
TVSSRICHAK,2022-12-31,0
TVTODAY,2022-12-31,0
TVTODAY,2018-03-31,11.46
TWL,2022-12-31,-3.35
UBL,2022-12-31,11.19
UBL,2022-03-31,21.05
UBL,2017-03-31,2.09
UCOBANK,2022-12-31,0
UFLEX,2022-12-31,36.16
UFO,2022-12-31,6.48
UFO,2018-03-31,22.45
UFO,2017-03-31,11.98
UGARSUGAR,2022-12-31,0
UGROCAP,2022-12-31,0
UJJIVAN,2022-12-31,7.4
UJJIVAN,2018-03-31,0.76
UJJIVAN,2017-03-31,5.11
UJJIVANSFB,2022-12-31,0
ULTRACEMCO,2022-12-31,36.02
ULTRACEMCO,2018-03-31,89.49
ULTRACEMCO,2017-03-31,25.57
UNIENTER,2022-12-31,0
UNIINFO,2022-09-30,0
UNIONBANK,2022-12-31,0
UNIONBANK,2018-03-31,-66.39
UNITEDTEA,2022-09-30,12.9234
UNITEDTEA,2022-03-31,20.5923
UNITEDTEA,2021-03-31,24.509
UNITEDTEA,2020-03-31,21.4387
UNITEDTEA,2019-03-31,28.7643
UNITEDTEA,2018-03-31,24.3175
UNITEDTEA,2017-03-31,17.3504
UNITEDTEA,2016-03-31,20.4684
UNITEDTEA,2015-03-31,17.4072
UNITEDTEA,2014-03-31,15.5309
UNITEDTEA,2013-03-31,11.4977
UNITEDTEA,2012-03-31,8.4524
UNITEDTEA,2011-03-31,6.4978
UNITEDTEA,2010-03-31,2.0391
UNIVASTU,2022-09-30,6.6695
UNIVCABLES,2022-12-31,0
UNOMINDA,2022-12-31,0
UPL,2022-12-31,38.65
UPL,2018-03-31,40.97
UPL,2017-03-31,23.47
USHAMART,2022-12-31,0
UTIAMC,2022-12-31,0
UTTAMSUGAR,2022-12-31,0
V2RETAIL,2022-12-31,1.56
VADILALIND,2022-12-31,0
VAIBHAVGBL,2022-12-31,0
VAIBHAVGBL,2018-03-31,14.42
VAIBHAVGBL,2017-03-31,6.01
VAISHALI,2022-09-30,3.3238
VAISHALI,2022-03-31,3.8151
VAISHALI,2021-03-31,0.9919
VAKRANGEE,2022-12-31,0
VARDHACRLC,2021-12-31,2.5024
VARDHACRLC,2021-03-31,5.3433
VARDHACRLC,2020-03-31,5.7576
VARDHACRLC,2019-03-31,4.2917
VARDHACRLC,2018-03-31,4.7996
VARDHACRLC,2017-03-31,4.4989
VARDHACRLC,2016-03-31,3.2062
VARDHACRLC,2015-03-31,3.5944
VARDHACRLC,2014-03-31,4.6953
VARDHACRLC,2013-03-31,2.3899
VARDMNPOLY,2022-12-31,0
VARROC,2022-12-31,-6.82
VARROC,2022-03-31,-31.61
VASCONEQ,2022-12-31,0
VBL,2022-12-31,21.9
VBL,2021-12-31,20.19
VBL,2017-12-31,11.26
VEDL,2022-12-31,16.59
VEDL,2022-03-31,47.4
VEDL,2018-03-31,21.2
VEDL,2017-03-31,11.61
VENKEYS,2022-12-31,0
VERTOZ,2022-12-31,1.9439
VERTOZ,2022-03-31,5.0989
VERTOZ,2021-03-31,6.0895
VETO,2017-06-30,3.23
VETO,2017-03-31,1.66
VGUARD,2022-12-31,3.02
VIDHIING,2022-12-31,0
VIJAYA,2022-09-30,3.97
VIJAYA,2022-03-31,4.77
VIKASLIFE,2022-12-31,0
VIKASWSP,2022-09-30,0
VIMTALABS,2022-12-31,0
VINATIORGA,2022-12-31,0
VINDHYATEL,2022-12-31,0
VINDHYATEL,2018-03-31,22.48
VINNY,2022-09-30,0
VINYLINDIA,2022-12-31,0
VIPCLOTHNG,2022-12-31,0
VIPIND,2022-12-31,8.89
VIPIND,2022-03-31,9.54
VIPIND,2017-03-31,2.44
VISAKAIND,2022-12-31,0
VISHAL,2022-12-31,0
VLSFINANCE,2022-12-31,0
VMART,2022-12-31,-17.01
VMART,2018-03-31,41.29
VOLTAMP,2022-12-31,15.09
VOLTAS,2022-12-31,6.23
VOLTAS,2022-03-31,15.23
VOLTAS,2021-03-31,7.18
VOLTAS,2018-03-31,26.61
VRLLOG,2022-12-31,0
VRLLOG,2022-03-31,23.09
VRLLOG,2018-03-31,10.17
VRLLOG,2017-03-31,3.3
VSSL,2022-12-31,2.97
VSTIND,2022-12-31,86.85
VSTIND,2017-03-31,52.06
VTL,2022-12-31,32.02
VTL,2021-03-31,62.46
VTL,2017-03-31,86.9
WABAG,2022-12-31,0
WABAG,2022-03-31,18.82
WABAG,2018-03-31,26.95
WABAG,2017-03-31,13.4
WEIZMANIND,2022-12-31,0
WEIZMANIND,2018-03-31,0.11
WELCORP,2022-12-31,0.16
WELENT,2022-12-31,0
WELENT,2018-03-31,3.23
WELSPUNIND,2022-12-31,0
WENDT,2022-12-31,0
WENDT,2018-03-31,49.12
WESTLIFE,2022-12-31,0
WHEELS,2022-12-31,29.76
WHEELS,2017-03-31,21.66
WHIRLPOOL,2022-12-31,0
WINDMACHIN,2022-12-31,0
WIPL,2022-09-30,0
WIPRO,2022-12-31,9.52
WIPRO,2022-03-31,23.87
WIPRO,2017-03-31,9.02
WOCKPHARMA,2022-12-31,0
WONDERLA,2022-12-31,0
WONDERLA,2018-03-31,6.09
WONDERLA,2017-03-31,0.61
WORTH,2022-03-31,12.1533
WORTH,2021-03-31,10.1468
WSTCSTPAPR,2022-12-31,0
XCHANGING,2022-12-31,0
XELPMOC,2022-12-31,0
YAARI,2022-12-31,0
YESBANK,2022-12-31,0.18
YESBANK,2022-03-31,9.88
YESBANK,2018-03-31,18.09
YESBANK,2017-03-31,25.12
YUKEN,2022-12-31,0
ZEEL,2022-12-31,2.62
ZEEL,2022-03-31,18.86
ZEEL,2018-03-31,13.12
ZEEL,2017-03-31,5.65
ZEELEARN,2022-12-31,0
ZEEMEDIA,2022-12-31,0
ZENSARTECH,2022-12-31,0
ZFCVINDIA,2022-12-31,0
ZOMATO,2022-09-30,-1.63
ZOTA,2022-09-30,0
ZUARI,2022-12-31,0
ZUARIIND,2022-12-31,0
ZYDUSLIFE,2022-12-31,0
ZYDUSWELL,2022-12-31,0
